<?xml version="1.0" encoding="UTF-8"?>
<!DOCTYPE suite SYSTEM "http://testng.org/testng-1.0.dtd">
<suite name="Failed suite [Default suite]">
  <test name="Default test(failed)">
    <classes>
      <class name="xtam.test.MNU_0008_MIS_VerifyError2">
        <methods>
          <include name="test_MNU_0008_MIS_VerifyError2"/>
        </methods>
      </class> <!-- xtam.test.MNU_0008_MIS_VerifyError2 -->
    </classes>
  </test> <!-- Default test(failed) -->
</suite> <!-- Failed suite [Default suite] -->
